"","Type","C_Mean","C_SD","C_SE","C_CV","N_Mean","N_SD","N_SE","N_CV","DeltaC_Mean","DeltaC_SD","DeltaC_SE","DeltaC_CV","DeltaN_Mean","DeltaN_SD","DeltaN_SE","DeltaN_CV"
"V1","Calamagrostis_Competition","47.25750","1.6367524","0.8183762","0.034634764","1.080000","0.2092845","0.10464225","0.1937819","-27.99500","1.0212900","0.5106450","-0.03648116","2.030000","1.1616655","0.5808327","0.5722490"
"V2","Calamagrostis_Without","47.66540","1.5675812","0.7010436","0.032887193","1.761000","0.2056210","0.09195651","0.1167638","-27.01400","0.8786524","0.3929453","-0.03252582","2.694000","1.8426557","0.8240607","0.6839850"
"V3","Carex_Competition","46.01660","0.3478905","0.1555814","0.007560109","0.837600","0.2250573","0.10064870","0.2686931","-28.80800","0.8506880","0.3804392","-0.02952957","2.398000","0.6478580","0.2897309","0.2701660"
"V4","Carex_Without","46.09200","1.2438529","0.5562679","0.026986307","1.082000","0.3487406","0.15596153","0.3223111","-27.78600","0.4937915","0.2208303","-0.01777123","3.414000","0.7561944","0.3381804","0.2214981"
"V5","Phragmites_Competition","47.35367","0.7483555","0.2494518","0.015803539","1.747667","0.2841549","0.09471830","0.1625910","-26.81111","0.6339252","0.2113084","-0.02364412","3.846667","0.8651878","0.2883959","0.2249188"
"V6","Phragmites_Without","46.51967","0.9736200","0.3245400","0.020929214","2.492444","0.3664270","0.12214235","0.1470151","-26.34333","0.8769550","0.2923183","-0.03328945","4.233333","0.7941977","0.2647326","0.1876058"
"V7","Typha_Competition","48.84620","1.2354077","0.5524911","0.025291787","2.008600","0.5475343","0.24486478","0.2725950","-30.04200","0.7945879","0.3553505","-0.02644924","1.822000","0.7874452","0.3521562","0.4321873"
"V8","Typha_Without","47.89400","1.3718892","0.6135275","0.028644281","1.674000","0.6252440","0.27961760","0.3735030","-29.22000","0.6293648","0.2814605","-0.02153884","2.038000","0.8927598","0.3992543","0.4380568"
