,Type,dN.avg,dN.err,dC.avg,dC.err,N.avg,N.err,C.avg,C.err
1,Calamagrostis_Competition,2.03,0.580832736,-27.995,0.510645017,1.08,0.104642248,47.2575,0.818376187
2,Calamagrostis_No competition,2.694,0.824060677,-27.014,0.392945289,1.761,0.091956511,47.6654,0.701043622
3,Carex_Competition,2.398,0.28973091,-28.808,0.38043922,0.8376,0.100648696,46.0166,0.155581361
4,Carex_No competition,3.414,0.338180425,-27.786,0.220830252,1.082,0.155961534,46.092,0.556267921
7,Typha_Competition,1.822,0.352156215,-30.042,0.355350531,2.0086,0.244864779,48.8462,0.552491122
8,Typha_No competition,2.038,0.399254305,-29.22,0.281460477,1.674,0.279617596,47.894,0.613527505
5,Phragmites_Competition,3.846666667,0.288395947,-26.81111111,0.211308387,1.747666667,0.094718296,47.35366667,0.249451843
6,Phragmites_No competition,4.233333333,0.264732569,-26.34333333,0.29231832,2.492444444,0.122142348,46.51966667,0.324540016
