"","Type","N.avg","N.sd","N.length","N.err","C.avg","C.sd","C.length","C.err","dN.avg","dN.sd","dN.length","dN.err","dC.avg","dC.sd","dC.length","dC.err"
"1","Calamagrostis_Competition",0.947,0.34827431716967,5,0.155753009601741,46.8738,1.65690892930179,5,0.740992199689039,1.53,1.50402792527267,5,0.672621736193531,-28.26,1.06461260559886,5,0.476109231164446
"2","Calamagrostis_No competition",1.761,0.205621010599598,5,0.0919565114605812,47.6654,1.56758119406938,5,0.701043622037886,2.694,1.8426556922008,5,0.824060677377582,-27.014,0.878652377223211,5,0.392945288812578
"3","Carex_Competition",0.8376,0.225057326030503,5,0.100648695967707,46.0166,0.347890500014013,5,0.155581361351545,2.398,0.647858009134718,5,0.289730909638582,-28.808,0.850687956891362,5,0.380439219849899
"4","Carex_No competition",1.082,0.348740591270933,5,0.155961533719055,46.092,1.24385288519181,5,0.556267921059628,3.414,0.756194419445158,5,0.338180425217073,-27.786,0.493791453956019,5,0.220830251550823
"5","Phragmites_Competition",1.74766666666667,0.284154887341393,9,0.0947182957804645,47.3536666666667,0.748355530479998,9,0.249451843493333,3.84666666666667,0.865187840876188,9,0.288395946958729,-26.8111111111111,0.633925162074445,9,0.211308387358148
"6","Phragmites_No competition",2.47466666666667,0.37042003185573,9,0.12347334395191,46.4218888888889,1.18283858201832,9,0.394279527339441,4.20555555555556,0.776468143440397,9,0.258822714480132,-26.3311111111111,0.887742142241265,9,0.295914047413755
"7","Typha_Competition",2.0086,0.547534291163576,5,0.244864779010784,48.8462,1.23540770598212,5,0.552491122100618,1.822,0.787445236191064,5,0.352156215336319,-30.042,0.794587943527964,5,0.355350531166058
"8","Typha_No competition",1.674,0.625243952389785,5,0.27961759601284,47.894,1.37188920835467,5,0.613527505495883,2.038,0.892759766118523,5,0.399254304923566,-29.22,0.629364759102383,5,0.281460476799142
