"","Phytometer","average","std","N","SE"
"1","Phragmites_Calamagrostis",-0.2228173225,0.69779577283777,10,0.220662398380481
"2","Phragmites_Carex",-0.328695784666667,1.56917823524643,9,0.523059411748809
"3","Phragmites_Typha",-0.233379524416667,0.565818821890978,12,0.163337824565657
